{"name": "Random Forest", "accuracy": {"train": 0.9528107762110058, "test": 0.9422858971703973}, "precision_weighted": {"train": 0.9547795100384189, "test": 0.9439443103372659}, "recall_weighted": {"train": 0.9528107762110058, "test": 0.9422858971703973}, "top_5": {"train": 0.9997119566240563, "test": 0.9991151608712843}}